dim,sources,Recall_50,Recall_100,Recall_200,nDCG_10,nDCG_20,nDCG_50,QPS
64,"dense,splade,bm25",0.6349919569270382,0.739442878968279,0.8125804935748515,0.4468082366912245,0.484328714591093,0.5485772511392777,71.9121033600693
