dim,sources,Recall_50,Recall_100,Recall_200,nDCG_10,nDCG_20,nDCG_50,QPS
64,"dense,splade,bm25",0.6348013136171541,0.7392594763972168,0.812454845137766,0.4472003261748742,0.4846105090718511,0.5487285088947467,70.50526369818448
