dim,sources,nDCG_10,nDCG_20,nDCG_50,RERANK_QPS
64,"dense,splade,bm25",0.5060055635071754,0.5371038055567564,0.5839021845549028,5.738295873259506
