dim,sources,nDCG_10,nDCG_20,nDCG_50,RERANK_QPS
64,"dense,splade,bm25",0.508085041735822,0.5394609592247693,0.5853887548620086,5.756211225029819
